<metadata xml:lang="en" xmlns=""><Esri><DataProperties><itemProps><itemName Sync="TRUE">FY20_MIRTA_Boundaries</itemName><imsContentType Sync="TRUE" export="False" value="">002</imsContentType><nativeExtBox><westBL Sync="TRUE">-168.013054</westBL><eastBL Sync="TRUE">174.156519</eastBL><southBL Sync="TRUE">13.307058</southBL><northBL Sync="TRUE">71.344323</northBL><exTypeCode Sync="TRUE">1</exTypeCode></nativeExtBox><itemLocation><linkage Sync="TRUE">file://\\T181783\C$\Users\BarnhoKM\MIRTA_FY20\FY20_MIRTA_Boundaries.shp</linkage><protocol Sync="TRUE">Local Area Network</protocol></itemLocation><itemSize Sync="TRUE">11.358</itemSize></itemProps><coordRef><type Sync="TRUE">Geographic</type><geogcsn Sync="TRUE">GCS_WGS_1984</geogcsn><csUnits Sync="TRUE">Angular Unit: Degree (0.017453)</csUnits><peXml Sync="TRUE">&lt;GeographicCoordinateSystem xsi:type='typens:GeographicCoordinateSystem' xmlns:xsi='http://www.w3.org/2001/XMLSchema-instance' xmlns:xs='http://www.w3.org/2001/XMLSchema' xmlns:typens='http://www.esri.com/schemas/ArcGIS/10.7'&gt;&lt;WKT&gt;GEOGCS[&amp;quot;GCS_WGS_1984&amp;quot;,DATUM[&amp;quot;D_WGS_1984&amp;quot;,SPHEROID[&amp;quot;WGS_1984&amp;quot;,6378137.0,298.257223563]],PRIMEM[&amp;quot;Greenwich&amp;quot;,0.0],UNIT[&amp;quot;Degree&amp;quot;,0.0174532925199433],AUTHORITY[&amp;quot;EPSG&amp;quot;,4326]]&lt;/WKT&gt;&lt;XOrigin&gt;-400&lt;/XOrigin&gt;&lt;YOrigin&gt;-400&lt;/YOrigin&gt;&lt;XYScale&gt;11258999068426.238&lt;/XYScale&gt;&lt;ZOrigin&gt;-100000&lt;/ZOrigin&gt;&lt;ZScale&gt;10000&lt;/ZScale&gt;&lt;MOrigin&gt;-100000&lt;/MOrigin&gt;&lt;MScale&gt;10000&lt;/MScale&gt;&lt;XYTolerance&gt;8.983152841195215e-09&lt;/XYTolerance&gt;&lt;ZTolerance&gt;0.001&lt;/ZTolerance&gt;&lt;MTolerance&gt;0.001&lt;/MTolerance&gt;&lt;HighPrecision&gt;true&lt;/HighPrecision&gt;&lt;LeftLongitude&gt;-180&lt;/LeftLongitude&gt;&lt;WKID&gt;4326&lt;/WKID&gt;&lt;LatestWKID&gt;4326&lt;/LatestWKID&gt;&lt;/GeographicCoordinateSystem&gt;</peXml></coordRef><lineage><Process ToolSource="c:\program files (x86)\arcgis\desktop10.7\ArcToolbox\Toolboxes\Conversion Tools.tbx\FeatureClassToFeatureClass" Date="20210917" Time="121132" Name="" export="">FeatureClassToFeatureClass C:\Users\BarnhoKM\MIRTA_FY20\MIRTA_FY20.gdb\MirtaLocations_A C:\Users\BarnhoKM\MIRTA_FY20 FY20_MIRTA_Boundaries.shp # "country "Country" true true true 25 Text 0 0 ,First,#,C:\Users\BarnhoKM\MIRTA_FY20\MIRTA_FY20.gdb\MirtaLocations_A,countryName,-1,-1;featureNam "Feature Name" true true true 80 Text 0 0 ,First,#,C:\Users\BarnhoKM\MIRTA_FY20\MIRTA_FY20.gdb\MirtaLocations_A,featureName,-1,-1;isCui "Controlled Unclassified Information Indicator" true true true 3 Text 0 0 ,First,#,C:\Users\BarnhoKM\MIRTA_FY20\MIRTA_FY20.gdb\MirtaLocations_A,isCui,-1,-1;isFirrma "Is FIRRMA Site" true true true 3 Text 0 0 ,First,#,C:\Users\BarnhoKM\MIRTA_FY20\MIRTA_FY20.gdb\MirtaLocations_A,isFirrmaSite,-1,-1;jointBase "Is Joint Base" true true true 3 Text 0 0 ,First,#,C:\Users\BarnhoKM\MIRTA_FY20\MIRTA_FY20.gdb\MirtaLocations_A,isJointBase,-1,-1;siteName "Site Name" true true true 100 Text 0 0 ,First,#,C:\Users\BarnhoKM\MIRTA_FY20\MIRTA_FY20.gdb\MirtaLocations_A,siteName,-1,-1;operStatus "Site Operational Status" true true true 4 Text 0 0 ,First,#,C:\Users\BarnhoKM\MIRTA_FY20\MIRTA_FY20.gdb\MirtaLocations_A,siteOperationalStatus,-1,-1;component "Site Reporting Component Code" true true true 22 Text 0 0 ,First,#,C:\Users\BarnhoKM\MIRTA_FY20\MIRTA_FY20.gdb\MirtaLocations_A,siteReportingComponent,-1,-1;state "State Name Code" true true true 5 Text 0 0 ,First,#,C:\Users\BarnhoKM\MIRTA_FY20\MIRTA_FY20.gdb\MirtaLocations_A,stateNameCode,-1,-1;SHAPE_Leng "SHAPE_Leng" false true true 8 Double 0 0 ,First,#,C:\Users\BarnhoKM\MIRTA_FY20\MIRTA_FY20.gdb\MirtaLocations_A,SHAPE_Length,-1,-1;SHAPE_Area "SHAPE_Area" false true true 8 Double 0 0 ,First,#,C:\Users\BarnhoKM\MIRTA_FY20\MIRTA_FY20.gdb\MirtaLocations_A,SHAPE_Area,-1,-1" #</Process></lineage></DataProperties><SyncDate>20211006</SyncDate><SyncTime>09491100</SyncTime><ModDate>20211006</ModDate><ModTime>9551200</ModTime><scaleRange><minScale>150000000</minScale><maxScale>5000</maxScale></scaleRange><ArcGISFormat>1.0</ArcGISFormat><ArcGISProfile>SDSFIE-M</ArcGISProfile></Esri><mdFileID>39394EDE-B5AB-4C0C-9519-690A46CCAB01</mdFileID><mdLang><languageCode value="eng" Sync="TRUE"/><countryCode value="USA" Sync="TRUE"/></mdLang><mdChar><CharSetCd value="004" Sync="TRUE"/></mdChar><mdParentID>7CEC3F55-5C5D-44A4-A37B-0C6A3F6A20AA</mdParentID><mdContact xmlns=""><rpIndName>SDSFIE Online: http://sdsfieonline.org</rpIndName><rpOrgName>DISDI Group</rpOrgName><rpPosName>XML Workspace Generation</rpPosName><displayName>SDSFIE Online: XML Workspace Generation</displayName><role><RoleCd value="005"/></role></mdContact><mdDateSt>20210917</mdDateSt><dataIdInfo xmlns=""><idCitation xmlns=""><date xmlns=""><createDate>2021-09-17T00:00:00</createDate><pubDate>2021-09-17T00:00:00</pubDate></date><resTitle Sync="FALSE">FY20_MIRTA_Boundaries</resTitle><presForm xmlns=""><PresFormCd value="005" Sync="TRUE"/><fgdcGeoform>vector digital data</fgdcGeoform></presForm><resEd>FY 2020</resEd><resEdDate>20210917</resEdDate><citRespParty xmlns=""><rpIndName>The DISDI Program</rpIndName><rpOrgName>Office of the Assistant Secretary of Defense for Sustainment</rpOrgName><rpPosName>Custodian</rpPosName><role><RoleCd value="002"/></role></citRespParty></idCitation><idAbs>&lt;DIV STYLE="text-align:Left;"&gt;&lt;DIV&gt;&lt;DIV&gt;&lt;P&gt;&lt;SPAN&gt;The dataset depicts the authoritative locations of the most commonly known Department of Defense (DoD) sites, installations, ranges, and training areas world-wide. These sites encompass land which is federally owned or otherwise managed. This dataset was created from source data provided by the four Military Service Component headquarters and was compiled by the Defense Installation Spatial Data Infrastructure (DISDI) Program within the Office of the Assistant Secretary of Defense for Sustainment. Only sites reported in the FY 2020 BSR or released in a map supplementing the Foreign Investment Risk Review Modernization Act of 2018 (FIRRMA) Real Estate Regulation (31 CFR Part 802) were considered for inclusion. This list does not necessarily represent a comprehensive collection of all Department of Defense facilities. For inventory purposes, installations are comprised of sites, where a site is defined as a specific geographic location of federally owned or managed land and is assigned to military installation. DoD installations are commonly referred to as a base, camp, post, station, yard, center, homeport facility for any ship, or other activity under the jurisdiction, custody, control of the DoD.&lt;/SPAN&gt;&lt;/P&gt;&lt;P&gt;&lt;SPAN&gt;While every attempt has been made to provide the best available data quality, this data set is intended for use at mapping scales between 1:50,000 and 1:3,000,000. For this reason, boundaries in this data set may not perfectly align with DoD site boundaries depicted in other federal data sources. Maps produced at a scale of 1:50,000 or smaller which otherwise comply with National Map Accuracy Standards, will remain compliant when this data is incorporated. Boundary data is most suitable for larger scale maps; point locations are better suited for mapping scales between 1:250,000 and 1:3,000,000.&lt;/SPAN&gt;&lt;/P&gt;&lt;P&gt;&lt;SPAN&gt;If a site is part of a Joint Base (effective/designated on 1 October, 2010) as established under the 2005 Base Realignment and Closure process, it is attributed with the name of the Joint Base. All sites comprising a Joint Base are also attributed to the responsible DoD Component, which is not necessarily the pre-2005 Component responsible for the site.&lt;/SPAN&gt;&lt;/P&gt;&lt;/DIV&gt;&lt;/DIV&gt;&lt;DIV&gt;&lt;P&gt;&lt;SPAN /&gt;&lt;/P&gt;&lt;/DIV&gt;&lt;/DIV&gt;</idAbs><idPurp>This geospatial dataset contains the authoritative point locations and (where available) boundaries of Department of Defense sites, commonly referred to as installations, ranges, training areas, bases, forts, camps, armories, centers, etc. These installations are, in many cases, comprised of a number of subordinate sites. This list does not necessarily represent a comprehensive collection of all Department of Defense facilities. Points are placed either at or near the center of each site and do not reflect any particular landmark. Boundaries encompass federally owned or otherwise managed lands, as defined in the Fiscal Year 2020 Base Structure Report (BSR).   The point and boundary location datasets are intended for planning purposes only, and do not necessarily represent the legal or surveyed land parcel boundaries.  Please use the accompanying release notes to validate whether this dataset is suitable for your intended use.</idPurp><resConst><SecConsts><class><ClasscationCd value="001"/></class><sdsOwnerProducer><OwnerProducer value="USA"/></sdsOwnerProducer><classSys>US CAPCO</classSys><useLimit>None.</useLimit></SecConsts><LegConsts><accessConsts><RestrictCd value="noRestriction"/></accessConsts><useConsts><RestrictCd value="noRestriction"/></useConsts></LegConsts><Consts><useLimit>&lt;DIV STYLE="text-align:Left;"&gt;&lt;DIV&gt;&lt;P&gt;&lt;SPAN STYLE="font-size:12pt"&gt;Preferred use citation: "Although these data have been provided by the DoD Components, no warranty expressed or implied is made regarding the utility of the data on any other system, in derived products or data alterations, nor shall the act of distribution constitute and such warranty."&lt;/SPAN&gt;&lt;/P&gt;&lt;/DIV&gt;&lt;/DIV&gt;</useLimit></Consts></resConst><envirDesc Sync="TRUE"> Version 6.2 (Build 9200) ; Esri ArcGIS 10.7.1.11595</envirDesc><dataLang><languageCode value="eng" Sync="TRUE"/><countryCode value="USA" Sync="TRUE"/></dataLang><spatRpType><SpatRepTypCd value="001" Sync="TRUE"/></spatRpType><dataExt xmlns=""><geoEle xmlns=""><GeoBndBox esriExtentType="search"><exTypeCode Sync="TRUE">1</exTypeCode><westBL Sync="TRUE">-168.013054</westBL><eastBL Sync="TRUE">174.156519</eastBL><northBL Sync="TRUE">71.344323</northBL><southBL Sync="TRUE">13.307058</southBL></GeoBndBox></geoEle></dataExt><searchKeys><keyword>intelligenceMilitary</keyword></searchKeys><dataChar><CharSetCd value="004"/></dataChar><idStatus><ProgCd value="001"/></idStatus><idPoC xmlns=""><rpIndName>The DISDI Program</rpIndName><rpOrgName>Office of the Assistant Secretary of Defense for Sustainment</rpOrgName><rpPosName>Custodian</rpPosName><role><RoleCd value="007"/></role><displayName>The DISDI Program</displayName></idPoC><resMaint xmlns=""><maintFreq><MaintFreqCd value="008"/></maintFreq><dateNext>2022-09-16T00:00:00</dateNext><maintScp><ScopeCd value="005"/></maintScp></resMaint><tpCat><TopicCatCd value="011"/></tpCat></dataIdInfo><dqInfo><dataLineage><statement>The dataset depicts the authoritative locations of the most commonly known Department of Defense (DoD) sites, installations, ranges, and training areas world-wide. These sites encompass land which is federally owned or otherwise managed. This dataset was created from source data provided by the four Military Service Component headquarters and was compiled by the Defense Installation Spatial Data Infrastructure (DISDI) Program within the Office of the Assistant Secretary of Defense for Sustainment. Sites were selected from the FY 2020 Base Structure Report (BSR), a summary of the DoD Real Property Inventory. </statement><prcStep xmlns=""><stepDesc>Schema created by SDSFIE Online: XML Workspace Generation procedure.</stepDesc><stepRat>The schema is part of the DISDI SDSFIE V 4.0 Adaptation adaptation of SDSFIE.</stepRat><stepDateTm>2021-09-17T01:28:33</stepDateTm></prcStep></dataLineage></dqInfo><mdConst><SecConsts><class><ClasscationCd value="001"/></class><sdsOwnerProducer><OwnerProducer value="USA"/></sdsOwnerProducer><classSys>US CAPCO</classSys><useLimit>None.</useLimit></SecConsts><LegConsts><accessConsts><RestrictCd value="noRestriction"/></accessConsts><useConsts><RestrictCd value="noRestriction"/></useConsts></LegConsts><Consts xmlns=""><useLimit>None.</useLimit></Consts></mdConst><eainfo><detailed Name="FY20_MIRTA_Boundaries" xmlns=""><enttyp><enttypl Sync="FALSE">FY2020_MIRTA_Boundaries</enttypl><enttypt Sync="TRUE">Feature Class</enttypt><enttypc Sync="TRUE">746</enttypc><enttypd Sync="TRUE">Publicly releasable authoritative point and boundary locations of Department of Defense sites, installations, ranges, training areas, bases, forts, camps, armories, centers, etc.</enttypd><enttypds Sync="TRUE">DISDI SDSFIE V 4.0 Adaptation</enttypds><sdsExtModelName>MirtaLocations</sdsExtModelName><sdsExtAliasName>MIRTA Locations</sdsExtAliasName><sdsExtJustification>Required to support DISDI operations.</sdsExtJustification></enttyp><attr xmlns=""><attrlabl Sync="TRUE">FID</attrlabl><attalias Sync="TRUE">FID</attalias><attrtype Sync="TRUE">OID</attrtype><attwidth Sync="TRUE">4</attwidth><atprecis Sync="TRUE">0</atprecis><attscale Sync="TRUE">0</attscale><attrdef Sync="TRUE">Internal feature number.</attrdef><attrdefs Sync="TRUE">Esri</attrdefs><attrdomv><udom Sync="TRUE">Sequential unique whole numbers that are automatically generated.</udom></attrdomv></attr><attr xmlns=""><attrlabl Sync="TRUE">SHAPE</attrlabl><attalias Sync="TRUE">Shape</attalias><attrtype Sync="TRUE">Geometry</attrtype><attwidth Sync="TRUE">0</attwidth><atprecis Sync="TRUE">0</atprecis><attscale Sync="TRUE">0</attscale><attrdef Sync="TRUE">Feature geometry.</attrdef><attrdefs Sync="TRUE">Esri</attrdefs><attrdomv><udom Sync="TRUE">Coordinates defining the features.</udom></attrdomv></attr><attr xmlns=""><attrlabl Sync="TRUE">country</attrlabl><attalias Sync="TRUE">country</attalias><attrtype Sync="TRUE">String</attrtype><attwidth Sync="TRUE">25</attwidth><atprecis Sync="TRUE">0</atprecis><attscale Sync="TRUE">0</attscale><attrdef>The code that represents the location of the country.</attrdef><attrdefs>DISDI SDSFIE V 4.0 Adaptation</attrdefs><sdsExtJustification>Required to support DISDI operations.</sdsExtJustification></attr><attr xmlns=""><attrlabl>isCui</attrlabl><attalias>Controlled Unclassified Information Indicator</attalias><attrtype>String</attrtype><attwidth>3</attwidth><atprecis>0</atprecis><attscale>0</attscale><attrdef>The Yes or No indicator of whether or not the feature contains Controlled Unclassified Information (CUI).</attrdef><attrdefs>DISDI SDSFIE V 4.0 Adaptation</attrdefs><sdsExtModelName>isCui</sdsExtModelName><sdsExtAliasName>Controlled Unclassified Information Indicator</sdsExtAliasName><sdsExtJustification>Required to support DISDI operations.</sdsExtJustification><attrSdsExtEnumeration><sdsExtModelName>sdsYesOrNo</sdsExtModelName><sdsExtAliasName>SDSFIE Built-in Yes Or No Enumeration.</sdsExtAliasName><sdsExtDefinitionn>An enumeration of the yes/no values, with the ability indicate that the value has not yet been set (tbd).</sdsExtDefinitionn></attrSdsExtEnumeration><attrdomv><edom xmlns=""><attrSdsExtEnumerant><sdsExtName>yes</sdsExtName><sdsExtModelName>yes</sdsExtModelName><sdsExtAliasName>Yes</sdsExtAliasName><sdsExtDefinition>A "yes" value.</sdsExtDefinition></attrSdsExtEnumerant><edomv>yes</edomv><edomvd>A "yes" value.</edomvd><edomvds>SDSFIE Built-in Yes Or No Enumeration.</edomvds></edom><edom xmlns=""><attrSdsExtEnumerant><sdsExtName>no</sdsExtName><sdsExtModelName>no</sdsExtModelName><sdsExtAliasName>No</sdsExtAliasName><sdsExtDefinition>A "no" value.</sdsExtDefinition></attrSdsExtEnumerant><edomv>no</edomv><edomvd>A "no" value.</edomvd><edomvds>SDSFIE Built-in Yes Or No Enumeration.</edomvds></edom><edom xmlns=""><attrSdsExtEnumerant><sdsExtName>tbd</sdsExtName><sdsExtModelName>tbd</sdsExtModelName><sdsExtAliasName>TBD</sdsExtAliasName><sdsExtDefinition>The value is yet to be determined.</sdsExtDefinition></attrSdsExtEnumerant><edomv>tbd</edomv><edomvd>The value is yet to be determined.</edomvd><edomvds>SDSFIE Built-in Yes Or No Enumeration.</edomvds></edom></attrdomv></attr><attr xmlns=""><attrlabl Sync="TRUE">isFirrma</attrlabl><attalias Sync="TRUE">isFirrma</attalias><attrtype Sync="TRUE">String</attrtype><attwidth Sync="TRUE">3</attwidth><atprecis Sync="TRUE">0</atprecis><attscale Sync="TRUE">0</attscale><attrdef>The yes or no indicator of whether or not a DoD site is listed in the FIRRMA Act Parts 1 or 2.</attrdef><attrdefs>DISDI SDSFIE V 4.0 Adaptation</attrdefs><sdsExtModelName>isFirrmaSite</sdsExtModelName><sdsExtJustification>Needed to create the FIRRMA site dataset.</sdsExtJustification></attr><attr xmlns=""><attrlabl Sync="TRUE">jointBase</attrlabl><attalias Sync="TRUE">jointBase</attalias><attrtype Sync="TRUE">String</attrtype><attwidth Sync="TRUE">3</attwidth><atprecis Sync="TRUE">0</atprecis><attscale Sync="TRUE">0</attscale><attrdef>The yes or no indicator of whether or not the site is part of a Joint Base, as established by the 2005 Base Closure and Realignment Commission (BRAC).</attrdef><attrdefs>DISDI SDSFIE V 4.0 Adaptation</attrdefs><sdsExtModelName>isJointBase</sdsExtModelName><sdsExtJustification>Required to support DISDI operations.</sdsExtJustification></attr><attr xmlns=""><attrlabl>siteName</attrlabl><attalias>Site Name</attalias><attrtype>String</attrtype><attwidth>100</attwidth><atprecis>0</atprecis><attscale>0</attscale><attrdef>The official identification or name applied to a site as assigned and promulgated by the DoD, Military Services, or Washington Headquarters Services to recognize the site.</attrdef><attrdefs>DISDI SDSFIE V 4.0 Adaptation</attrdefs><sdsExtModelName>siteName</sdsExtModelName><sdsExtAliasName>Site Name</sdsExtAliasName><sdsExtDescription>The site name is entered without any special characters (e.g. &amp;, -, /, etc.). Source: Office of the Assistant Secretary of Defense for Energy, Installations, and Environment. 2017. “Real Property Information Model Version 10.0 for Use in the Department of Defense Real Property Systems and Reporting” (RPIM Version 10.0 September 29, 2017).</sdsExtDescription><sdsExtJustification>Required to support DISDI operations.</sdsExtJustification><attrdomv><udom>A sequence of characters from the ASCII character set.</udom></attrdomv></attr><attr xmlns=""><attrlabl Sync="TRUE">operStatus</attrlabl><attalias Sync="TRUE">operStatus</attalias><attrtype Sync="TRUE">String</attrtype><attwidth Sync="TRUE">4</attwidth><atprecis Sync="TRUE">0</atprecis><attscale Sync="TRUE">0</attscale><attrdef>A code used to identify the current operational status of the site.</attrdef><attrdefs>DISDI SDSFIE V 4.0 Adaptation</attrdefs><sdsExtModelName>siteOperationalStatus</sdsExtModelName><sdsExtJustification>Required to support DISDI operations.</sdsExtJustification></attr><attr xmlns=""><attrlabl Sync="TRUE">component</attrlabl><attalias Sync="TRUE">component</attalias><attrtype Sync="TRUE">String</attrtype><attwidth Sync="TRUE">22</attwidth><atprecis Sync="TRUE">0</atprecis><attscale Sync="TRUE">0</attscale><attrdef>A code used to identify the Military Service (includes Washington Headquarters Service) that has statutory reporting responsibility for the site.</attrdef><attrdefs>DISDI SDSFIE V 4.0 Adaptation</attrdefs><sdsExtModelName>siteReportingComponent</sdsExtModelName><sdsExtDescription>Source: Office of the Assistant Secretary of Defense for Energy, Installations, and Environment. 2017. “Real Property Information Model Version 10.0 for Use in the Department of Defense Real Property Systems and Reporting” (RPIM Version 10.0 September 29, 2017).</sdsExtDescription><sdsExtJustification>Required to support DISDI operations.</sdsExtJustification></attr><attr xmlns=""><attrlabl Sync="TRUE">state</attrlabl><attalias Sync="TRUE">state</attalias><attrtype Sync="TRUE">String</attrtype><attwidth Sync="TRUE">5</attwidth><atprecis Sync="TRUE">0</atprecis><attscale Sync="TRUE">0</attscale><attrdef>The two letter abbreviation for the name of the state in which the feature is located.</attrdef><attrdefs>DISDI SDSFIE V 4.0 Adaptation</attrdefs><sdsExtModelName>stateNameCode</sdsExtModelName><sdsExtDescription>For example, TX. The attribute is aligned to: National Emergency Number Association (NENA) Technical Committee Chairs. 2011. "NENA Standard Data Formats for 911, Data Exchange &amp; GIS Mapping." Available at: http://www.nena.org/resource/collection/C74A8084-E3BD-405D-93C2-48AFCFA5B490/NENA_02-010-v9_Data_Formats_for_ALI_MSAG_GIS.pdf (NENA-02-010, Version 9).</sdsExtDescription><sdsExtJustification>Required to support DISDI operations.</sdsExtJustification></attr><attr xmlns=""><attrlabl Sync="TRUE">SHAPE_Leng</attrlabl><attalias Sync="TRUE">SHAPE_Leng</attalias><attrtype Sync="TRUE">Double</attrtype><attwidth Sync="TRUE">19</attwidth><atprecis Sync="TRUE">0</atprecis><attscale Sync="TRUE">0</attscale></attr><attr xmlns=""><attrlabl Sync="TRUE">SHAPE_Area</attrlabl><attalias Sync="TRUE">SHAPE_Area</attalias><attrtype Sync="TRUE">Double</attrtype><attwidth Sync="TRUE">19</attwidth><atprecis Sync="TRUE">0</atprecis><attscale Sync="TRUE">0</attscale><attrdef Sync="TRUE">Area of feature in internal units squared.</attrdef><attrdefs Sync="TRUE">Esri</attrdefs><attrdomv><udom Sync="TRUE">Positive real numbers that are automatically generated.</udom></attrdomv></attr></detailed></eainfo><distInfo xmlns=""><distFormat xmlns=""><formatName Sync="TRUE">Shapefile</formatName><fmtSpecCitation xmlns=""><collTitle>SDSFIE-V 4.0 DISDI Adaptation</collTitle></fmtSpecCitation></distFormat><distTranOps><transSize Sync="TRUE">11.358</transSize></distTranOps></distInfo><mdHrLv><ScopeCd value="005" Sync="TRUE"/></mdHrLv><mdHrLvName Sync="TRUE">dataset</mdHrLvName><refSysInfo><RefSystem><refSysID><identCode code="4326" Sync="TRUE"/><idCodeSpace Sync="TRUE">EPSG</idCodeSpace><idVersion Sync="TRUE">6.14(3.0.1)</idVersion></refSysID></RefSystem></refSysInfo><spatRepInfo><VectSpatRep><geometObjs Name="FY20_MIRTA_Boundaries"><geoObjTyp><GeoObjTypCd value="002" Sync="TRUE"/></geoObjTyp><geoObjCnt Sync="TRUE">746</geoObjCnt></geometObjs><topLvl><TopoLevCd value="001" Sync="TRUE"/></topLvl></VectSpatRep></spatRepInfo><spdoinfo><ptvctinf><esriterm Name="FY20_MIRTA_Boundaries"><efeatyp Sync="TRUE">Simple</efeatyp><efeageom code="4" Sync="TRUE"/><esritopo Sync="TRUE">FALSE</esritopo><efeacnt Sync="TRUE">746</efeacnt><spindex Sync="TRUE">TRUE</spindex><linrefer Sync="TRUE">FALSE</linrefer></esriterm></ptvctinf></spdoinfo><mdContact xmlns=""><rpIndName>The DISDI Program</rpIndName><rpOrgName>Office of the Assistant Secretary of Defense for Sustainment</rpOrgName><rpPosName>Custodian</rpPosName><role><RoleCd value="002"/></role><displayName>The DISDI Program</displayName></mdContact><mdMaint xmlns=""><maintFreq><MaintFreqCd value="008"/></maintFreq><dateNext>2022-09-16T00:00:00</dateNext><maintDate>2021-09-17T00:00:00</maintDate><maintScp><ScopeCd value="005"/></maintScp></mdMaint></metadata>
